<?xml version="1.0" encoding="utf-8" ?>
<dwsync>
<file name="blank.gif" server="C:/xampp/htdocs/Safety_orcale/" local="130003027520000000" remote="130003027520000000" />
<file name="loading.gif" server="C:/xampp/htdocs/Safety_orcale/" local="130003027520000000" remote="130003027520000000" />
<file name="panel_tools.png" server="C:/xampp/htdocs/Safety_orcale/" local="130003027520000000" remote="130003027520000000" />
<file name="accordion_arrows.png" server="C:/xampp/htdocs/Safety_orcale/" local="130003027520000000" remote="130003027520000000" />
<file name="combo_arrow.png" server="C:/xampp/htdocs/Safety_orcale/" local="130003027520000000" remote="130003027520000000" />
<file name="layout_arrows.png" server="C:/xampp/htdocs/Safety_orcale/" local="130003027520000000" remote="130003027520000000" />
<file name="tabs_icons.png" server="C:/xampp/htdocs/Safety_orcale/" local="130003027520000000" remote="130003027520000000" />
<file name="linkbutton_bg.png" server="C:/xampp/htdocs/Safety_orcale/" local="130003027520000000" remote="130003027520000000" />
<file name="datagrid_icons.png" server="C:/xampp/htdocs/Safety_orcale/" local="130003027520000000" remote="130003027520000000" />
<file name="pagination_icons.png" server="C:/xampp/htdocs/Safety_orcale/" local="130003027520000000" remote="130003027520000000" />
<file name="calendar_arrows.png" server="C:/xampp/htdocs/Safety_orcale/" local="130003027520000000" remote="130003027520000000" />
<file name="datebox_arrow.png" server="C:/xampp/htdocs/Safety_orcale/" local="130003027520000000" remote="130003027520000000" />
<file name="spinner_arrows.png" server="C:/xampp/htdocs/Safety_orcale/" local="130003027520000000" remote="130003027520000000" />
<file name="searchbox_button.png" server="C:/xampp/htdocs/Safety_orcale/" local="130003027520000000" remote="130003027520000000" />
<file name="slider_handle.png" server="C:/xampp/htdocs/Safety_orcale/" local="130003027520000000" remote="130003027520000000" />
<file name="menu_arrows.png" server="C:/xampp/htdocs/Safety_orcale/" local="130003027520000000" remote="130003027520000000" />
<file name="messager_icons.png" server="C:/xampp/htdocs/Safety_orcale/" local="130003027520000000" remote="130003027520000000" />
<file name="tree_icons.png" server="C:/xampp/htdocs/Safety_orcale/" local="130003027520000000" remote="130003027520000000" />
<file name="validatebox_warning.png" server="C:/xampp/htdocs/Safety_orcale/" local="130003027520000000" remote="130003027520000000" />
<file name="blank.gif" server="C:/xampp/htdocs/safetytest/" local="130003027520000000" remote="130003027520000000" />
<file name="loading.gif" server="C:/xampp/htdocs/safetytest/" local="130003027520000000" remote="130003027520000000" />
<file name="panel_tools.png" server="C:/xampp/htdocs/safetytest/" local="130003027520000000" remote="130003027520000000" />
<file name="accordion_arrows.png" server="C:/xampp/htdocs/safetytest/" local="130003027520000000" remote="130003027520000000" />
<file name="combo_arrow.png" server="C:/xampp/htdocs/safetytest/" local="130003027520000000" remote="130003027520000000" />
<file name="layout_arrows.png" server="C:/xampp/htdocs/safetytest/" local="130003027520000000" remote="130003027520000000" />
<file name="tabs_icons.png" server="C:/xampp/htdocs/safetytest/" local="130003027520000000" remote="130003027520000000" />
<file name="linkbutton_bg.png" server="C:/xampp/htdocs/safetytest/" local="130003027520000000" remote="130003027520000000" />
<file name="datagrid_icons.png" server="C:/xampp/htdocs/safetytest/" local="130003027520000000" remote="130003027520000000" />
<file name="pagination_icons.png" server="C:/xampp/htdocs/safetytest/" local="130003027520000000" remote="130003027520000000" />
<file name="calendar_arrows.png" server="C:/xampp/htdocs/safetytest/" local="130003027520000000" remote="130003027520000000" />
<file name="datebox_arrow.png" server="C:/xampp/htdocs/safetytest/" local="130003027520000000" remote="130003027520000000" />
<file name="spinner_arrows.png" server="C:/xampp/htdocs/safetytest/" local="130003027520000000" remote="130003027520000000" />
<file name="searchbox_button.png" server="C:/xampp/htdocs/safetytest/" local="130003027520000000" remote="130003027520000000" />
<file name="slider_handle.png" server="C:/xampp/htdocs/safetytest/" local="130003027520000000" remote="130003027520000000" />
<file name="menu_arrows.png" server="C:/xampp/htdocs/safetytest/" local="130003027520000000" remote="130003027520000000" />
<file name="messager_icons.png" server="C:/xampp/htdocs/safetytest/" local="130003027520000000" remote="130003027520000000" />
<file name="tree_icons.png" server="C:/xampp/htdocs/safetytest/" local="130003027520000000" remote="130003027520000000" />
<file name="validatebox_warning.png" server="C:/xampp/htdocs/safetytest/" local="130003027520000000" remote="130003027520000000" />
</dwsync>