<?xml version="1.0" encoding="utf-8" ?>
<dwsync>
<file name="blank.gif" server="C:/xampp/htdocs/Safety_orcale/" local="129392181820000000" remote="129392181820000000" />
<file name="edit_add.png" server="C:/xampp/htdocs/Safety_orcale/" local="129053537700000000" remote="129053537700000000" />
<file name="pencil.png" server="C:/xampp/htdocs/Safety_orcale/" local="129083559840000000" remote="129083559840000000" />
<file name="edit_remove.png" server="C:/xampp/htdocs/Safety_orcale/" local="129053537700000000" remote="129053537700000000" />
<file name="filesave.png" server="C:/xampp/htdocs/Safety_orcale/" local="129053537700000000" remote="129053537700000000" />
<file name="cut.png" server="C:/xampp/htdocs/Safety_orcale/" local="129053537700000000" remote="129053537700000000" />
<file name="ok.png" server="C:/xampp/htdocs/Safety_orcale/" local="129053537700000000" remote="129053537700000000" />
<file name="no.png" server="C:/xampp/htdocs/Safety_orcale/" local="129053537700000000" remote="129053537700000000" />
<file name="cancel.png" server="C:/xampp/htdocs/Safety_orcale/" local="129053537700000000" remote="129053537700000000" />
<file name="reload.png" server="C:/xampp/htdocs/Safety_orcale/" local="129053537700000000" remote="129053537700000000" />
<file name="search.png" server="C:/xampp/htdocs/Safety_orcale/" local="129053537700000000" remote="129053537700000000" />
<file name="print.png" server="C:/xampp/htdocs/Safety_orcale/" local="129053537700000000" remote="129053537700000000" />
<file name="help.png" server="C:/xampp/htdocs/Safety_orcale/" local="129053537700000000" remote="129053537700000000" />
<file name="undo.png" server="C:/xampp/htdocs/Safety_orcale/" local="129053537700000000" remote="129053537700000000" />
<file name="redo.png" server="C:/xampp/htdocs/Safety_orcale/" local="129053537700000000" remote="129053537700000000" />
<file name="back.png" server="C:/xampp/htdocs/Safety_orcale/" local="129053537700000000" remote="129053537700000000" />
<file name="sum.png" server="C:/xampp/htdocs/Safety_orcale/" local="129403231900000000" remote="129403231900000000" />
<file name="tip.png" server="C:/xampp/htdocs/Safety_orcale/" local="129539039660000000" remote="129539039660000000" />
<file name="mini_add.png" server="C:/xampp/htdocs/Safety_orcale/" local="129658084840000000" remote="129658084840000000" />
<file name="mini_edit.png" server="C:/xampp/htdocs/Safety_orcale/" local="129658191000000000" remote="129658191000000000" />
<file name="mini_refresh.png" server="C:/xampp/htdocs/Safety_orcale/" local="129658191780000000" remote="129658191780000000" />
<file name="blank.gif" server="C:/xampp/htdocs/safetytest/" local="129392181820000000" remote="129392181820000000" />
<file name="edit_add.png" server="C:/xampp/htdocs/safetytest/" local="129053537700000000" remote="129053537700000000" />
<file name="pencil.png" server="C:/xampp/htdocs/safetytest/" local="129083559840000000" remote="129083559840000000" />
<file name="edit_remove.png" server="C:/xampp/htdocs/safetytest/" local="129053537700000000" remote="129053537700000000" />
<file name="filesave.png" server="C:/xampp/htdocs/safetytest/" local="129053537700000000" remote="129053537700000000" />
<file name="cut.png" server="C:/xampp/htdocs/safetytest/" local="129053537700000000" remote="129053537700000000" />
<file name="ok.png" server="C:/xampp/htdocs/safetytest/" local="129053537700000000" remote="129053537700000000" />
<file name="no.png" server="C:/xampp/htdocs/safetytest/" local="129053537700000000" remote="129053537700000000" />
<file name="cancel.png" server="C:/xampp/htdocs/safetytest/" local="129053537700000000" remote="129053537700000000" />
<file name="reload.png" server="C:/xampp/htdocs/safetytest/" local="129053537700000000" remote="129053537700000000" />
<file name="search.png" server="C:/xampp/htdocs/safetytest/" local="129053537700000000" remote="129053537700000000" />
<file name="view.png" server="C:/xampp/htdocs/safetytest/" local="130100684200000000" remote="130100684200000000" />
<file name="print.png" server="C:/xampp/htdocs/safetytest/" local="129053537700000000" remote="129053537700000000" />
<file name="help.png" server="C:/xampp/htdocs/safetytest/" local="129053537700000000" remote="129053537700000000" />
<file name="undo.png" server="C:/xampp/htdocs/safetytest/" local="129053537700000000" remote="129053537700000000" />
<file name="redo.png" server="C:/xampp/htdocs/safetytest/" local="129053537700000000" remote="129053537700000000" />
<file name="back.png" server="C:/xampp/htdocs/safetytest/" local="129053537700000000" remote="129053537700000000" />
<file name="sum.png" server="C:/xampp/htdocs/safetytest/" local="129403231900000000" remote="129403231900000000" />
<file name="tip.png" server="C:/xampp/htdocs/safetytest/" local="129539039660000000" remote="129539039660000000" />
<file name="mini_add.png" server="C:/xampp/htdocs/safetytest/" local="129658084840000000" remote="129658084840000000" />
<file name="mini_edit.png" server="C:/xampp/htdocs/safetytest/" local="129658191000000000" remote="129658191000000000" />
<file name="mini_refresh.png" server="C:/xampp/htdocs/safetytest/" local="129658191780000000" remote="129658191780000000" />
<file name="exit.png" server="C:/xampp/htdocs/safetytest/" local="130202422640000000" remote="130202422640000000" />
<file name="users.png" server="C:/xampp/htdocs/safetytest/" local="130202422900000000" remote="130202422900000000" />
<file name="profile.png" server="C:/xampp/htdocs/safetytest/" local="130202422280000000" remote="130202422280000000" />
<file name="home.png" server="C:/xampp/htdocs/safetytest/" local="130202424780000000" remote="130202424780000000" />
</dwsync>