<?xml version="1.0" encoding="UTF-8"?>
<project-private xmlns="http://www.netbeans.org/ns/project-private/1">
    <editor-bookmarks xmlns="http://www.netbeans.org/ns/editor-bookmarks/2" lastBookmarkId="2"/>
    <open-files xmlns="http://www.netbeans.org/ns/projectui-open-files/2">
        <group>
            <file>file://TMLJSRWSKC04794/xampp/htdocs/ERCPortal/process/process_common_class.php</file>
            <file>file://TMLJSRWSKC04794/xampp/htdocs/ERCPortal/process/staus_detail.php</file>
            <file>file://TMLJSRWSKC04794/xampp/htdocs/ERCPortal/email/email_template_class.php</file>
            <file>file://TMLJSRWSKC04794/xampp/htdocs/ERCPortal/process/view_details_action.php</file>
            <file>file://TMLJSRWSKC04794/xampp/htdocs/ERCPortal/process/view_details.php</file>
            <file>file://TMLJSRWSKC04794/xampp/htdocs/ERCPortal/report/chassis_status_action.php</file>
            <file>file://TMLJSRWSKC04794/xampp/htdocs/ERCPortal/home.php</file>
            <file>file://TMLJSRWSKC04794/xampp/htdocs/ERCPortal/report/chassis_status.php</file>
        </group>
    </open-files>
</project-private>
