<?xml version="1.0" encoding="utf-8" ?>
<dwsync>
<file name="jquery-1.8.0.min.js" server="C:/xampp/htdocs/Safety_orcale/" local="130199375760000000" remote="130199375760000000" />
<file name="jquery.kksui.min.js" server="C:/xampp/htdocs/Safety_orcale/" local="130201700902478815" remote="130201700900000000" />
<file name="jquery.json-2.4.min.js" server="C:/xampp/htdocs/Safety_orcale/" local="130150778300000000" remote="130150778300000000" />
<file name="validations.js" server="C:/xampp/htdocs/Safety_orcale/" local="130195068240000000" remote="130195068240000000" />
<file name="jquery.form.js" server="C:/xampp/htdocs/Safety_orcale/" local="129901722360000000" remote="129901722360000000" />
<file name="jquery-1.8.0.min.js" server="C:/xampp/htdocs/safetytest/" local="130208021700000000" remote="130208021700000000" />
<file name="jquery.kksui.min.js" server="C:/xampp/htdocs/safetytest/" local="130211280970843370" remote="130211280970000000" />
<file name="jquery.json-2.4.min.js" server="C:/xampp/htdocs/safetytest/" local="130150778300000000" remote="130150778300000000" />
<file name="validations.js" server="C:/xampp/htdocs/safetytest/" local="130229180895582117" remote="130229180890000000" />
</dwsync>