<?xml version="1.0" encoding="utf-8" ?>
<dwsync>
<file name="submenu-bg.gif" server="C:/xampp/htdocs/Safety_orcale/" local="129777638660000000" remote="129777638660000000" />
<file name="grid_header.gif" server="C:/xampp/htdocs/Safety_orcale/" local="129892321780000000" remote="129892321780000000" />
<file name="safety_helmet.ico" server="C:/xampp/htdocs/Safety_orcale/" local="130201786061594671" remote="130201786060000000" />
<file name="submenu-bg.gif" server="C:/xampp/htdocs/safetytest/" local="129777638660000000" remote="129777638660000000" />
<file name="grid_header.gif" server="C:/xampp/htdocs/safetytest/" local="129892321780000000" remote="129892321780000000" />
<file name="table_head1.jpg" server="C:/xampp/htdocs/safetytest/" local="130217373210505679" remote="130217373210000000" />
<file name="spinner3.gif" server="C:/xampp/htdocs/safetytest/" local="130192307500000000" remote="130192307500000000" />
<file name="safety_helmet.ico" server="C:/xampp/htdocs/safetytest/" local="130201786080000000" remote="130201786080000000" />
<file name="add.png" server="C:/xampp/htdocs/safetytest/" local="130070560680000000" remote="130070560680000000" />
</dwsync>